{
  "logistic_regression": {
    "best_params": {
      "lr": 0.013476397261615928,
      "weight_decay": 4.145921752676972e-06,
      "batch_size": 512
    },
    "best_val_auc": 0.8565380643833184,
    "test_metrics": {
      "accuracy": 0.7853754483396969,
      "precision": 0.5261946902654867,
      "recall": 0.7421367948077883,
      "f1": 0.6157829328914665,
      "auc_roc": 0.8518295034857353,
      "auc_pr": 0.6741609154732883
    }
  },
  "mlp": {
    "best_params": {
      "n_layers": 2,
      "h0": 64,
      "h1": 192,
      "dropout": 0.16310768951583415,
      "lr": 0.0016781762567194115,
      "batch_size": 256
    },
    "hidden_dims": [
      64,
      192
    ],
    "best_val_auc": 0.8813545187781319,
    "test_metrics": {
      "accuracy": 0.7966562536156427,
      "precision": 0.5423494911160945,
      "recall": 0.7848227658512231,
      "f1": 0.641436295011731,
      "auc_roc": 0.8744826566625964,
      "auc_pr": 0.7204336414651188
    }
  },
  "random_forest": {
    "best_params": {
      "n_estimators": 300,
      "max_depth": 26
    },
    "best_val_auc": 0.8769332754974255,
    "test_metrics": {
      "accuracy": 0.8424736781210228,
      "precision": 0.7643180881747013,
      "recall": 0.463055416874688,
      "f1": 0.5767138193688792,
      "auc_roc": 0.8732110324723756,
      "auc_pr": 0.7154430610570058
    }
  }
}